{
	"native": {
		"path_ignore": []
	},
	"publish": {
		"web": 0,
		"native": 1,
		"path": "bin-release"
	},
	"egret_version": "5.0.6",
	"modules": [
		{
			"name": "egret"
		},
		{
			"name": "game"
		},
		{
			"name": "eui"
		},
		{
			"name": "res"
		},
		{
			"name": "tween"
		},
		{
			"name": "socket"
		},
		{
			"name": "async",
			"path": "./egret_modules/async"
		},
		{
			"name": "extend",
			"path": "./egret_modules/extend"
		},
		{
			"name": "promise",
			"path": "./promise"
		}
	]
}