{
	"close":true,
	"natures":["egretProject"],
	"resourcePlugin":{
		"configs":[{
				"configPath":"resource/default.res.json",
				"relativePath":"resource/"
			}],
		"id":"org.egret-labs.resource",
		"library":{
			"children":[
				{
					"isFolder":false,
					"key":"back_g_chat_png",
					"name":"back_g_chat_png"
				},
				{
					"isFolder":false,
					"key":"back_g_line_png",
					"name":"back_g_line_png"
				},
				{
					"isFolder":false,
					"key":"back_g_middle0_png",
					"name":"back_g_middle0_png"
				},
				{
					"isFolder":false,
					"key":"back_g_middle1_png",
					"name":"back_g_middle1_png"
				},
				{
					"isFolder":false,
					"key":"back_g_p_hk_png",
					"name":"back_g_p_hk_png"
				},
				{
					"isFolder":false,
					"key":"back_g_p_m_png",
					"name":"back_g_p_m_png"
				},
				{
					"isFolder":false,
					"key":"back_g_p_sr0_png",
					"name":"back_g_p_sr0_png"
				},
				{
					"isFolder":false,
					"key":"back_g_sr1_png",
					"name":"back_g_sr1_png"
				},
				{
					"isFolder":false,
					"key":"back_g_top_png",
					"name":"back_g_top_png"
				},
				{
					"isFolder":false,
					"key":"btn_g_blue0_png",
					"name":"btn_g_blue0_png"
				},
				{
					"isFolder":false,
					"key":"btn_g_blue1_png",
					"name":"btn_g_blue1_png"
				},
				{
					"isFolder":false,
					"key":"btn_g_green0_png",
					"name":"btn_g_green0_png"
				},
				{
					"isFolder":false,
					"key":"btn_g_orange0_png",
					"name":"btn_g_orange0_png"
				},
				{
					"isFolder":false,
					"key":"btn_g_orange1_png",
					"name":"btn_g_orange1_png"
				},
				{
					"isFolder":false,
					"key":"btn_g_orange2_png",
					"name":"btn_g_orange2_png"
				},
				{
					"isFolder":false,
					"key":"btn_g_orange3_png",
					"name":"btn_g_orange3_png"
				},
				{
					"isFolder":false,
					"key":"btn_g_orange4_png",
					"name":"btn_g_orange4_png"
				},
				{
					"isFolder":false,
					"key":"btn_g_p_blue0_png",
					"name":"btn_g_p_blue0_png"
				},
				{
					"isFolder":false,
					"key":"btn_g_p_orange0_png",
					"name":"btn_g_p_orange0_png"
				},
				{
					"isFolder":false,
					"key":"btn_g_pink0_png",
					"name":"btn_g_pink0_png"
				},
				{
					"isFolder":false,
					"key":"btn_g_yellow0_png",
					"name":"btn_g_yellow0_png"
				},
				{
					"isFolder":false,
					"key":"icon_g_jp_png",
					"name":"icon_g_jp_png"
				},
				{
					"isFolder":false,
					"key":"icon_g_jt0_png",
					"name":"icon_g_jt0_png"
				},
				{
					"isFolder":false,
					"key":"icon_g_jt1_png",
					"name":"icon_g_jt1_png"
				},
				{
					"isFolder":false,
					"key":"icon_g_p_tag_png",
					"name":"icon_g_p_tag_png"
				},
				{
					"isFolder":false,
					"key":"icon_g_point0_png",
					"name":"icon_g_point0_png"
				},
				{
					"isFolder":false,
					"key":"icon_g_point1_png",
					"name":"icon_g_point1_png"
				},
				{
					"isFolder":false,
					"key":"icon_g_point2_png",
					"name":"icon_g_point2_png"
				},
				{
					"isFolder":false,
					"key":"icon_g_tag_png",
					"name":"icon_g_tag_png"
				},
				{
					"isFolder":false,
					"key":"icon_g_yl_png",
					"name":"icon_g_yl_png"
				},
				{
					"isFolder":false,
					"key":"txt_g_lx_png",
					"name":"txt_g_lx_png"
				},
				{
					"isFolder":false,
					"key":"txt_g_wd_png",
					"name":"txt_g_wd_png"
				},
				{
					"isFolder":false,
					"key":"txt_g_ys_png",
					"name":"txt_g_ys_png"
				},
				{
					"isFolder":false,
					"key":"back_l_loading_png",
					"name":"back_l_loading_png"
				},
				{
					"isFolder":false,
					"key":"back_l_top_png",
					"name":"back_l_top_png"
				},
				{
					"isFolder":false,
					"key":"icon_l_loading0_png",
					"name":"icon_l_loading0_png"
				},
				{
					"isFolder":false,
					"key":"icon_l_loading1_png",
					"name":"icon_l_loading1_png"
				},
				{
					"isFolder":false,
					"key":"icon_l_person_png",
					"name":"icon_l_person_png"
				},
				{
					"isFolder":false,
					"key":"icon_l_point0_png",
					"name":"icon_l_point0_png"
				},
				{
					"isFolder":false,
					"key":"icon_l_point1_png",
					"name":"icon_l_point1_png"
				},
				{
					"isFolder":false,
					"key":"icon_l_point2_png",
					"name":"icon_l_point2_png"
				},
				{
					"isFolder":false,
					"key":"icon_l_question_png",
					"name":"icon_l_question_png"
				},
				{
					"isFolder":false,
					"key":"icon_l_xingxing0_png",
					"name":"icon_l_xingxing0_png"
				},
				{
					"isFolder":false,
					"key":"icon_l_xingxing1_png",
					"name":"icon_l_xingxing1_png"
				},
				{
					"isFolder":false,
					"key":"loading_l_wmjz_png",
					"name":"loading_l_wmjz_png"
				},
				{
					"isFolder":false,
					"key":"txt_l_shwd_png",
					"name":"txt_l_shwd_png"
				},
				{
					"isFolder":false,
					"key":"back_s_black_png",
					"name":"back_s_black_png"
				},
				{
					"isFolder":false,
					"key":"back_s_head_png",
					"name":"back_s_head_png"
				},
				{
					"isFolder":false,
					"key":"back_s_headmask_png",
					"name":"back_s_headmask_png"
				},
				{
					"isFolder":false,
					"key":"back_s_kuang_png",
					"name":"back_s_kuang_png"
				},
				{
					"isFolder":false,
					"key":"back_s_line_png",
					"name":"back_s_line_png"
				},
				{
					"isFolder":false,
					"key":"back_s_rank_png",
					"name":"back_s_rank_png"
				},
				{
					"isFolder":false,
					"key":"back_s_top_png",
					"name":"back_s_top_png"
				},
				{
					"isFolder":false,
					"key":"back_s_white0_png",
					"name":"back_s_white0_png"
				},
				{
					"isFolder":false,
					"key":"back_s_white1_png",
					"name":"back_s_white1_png"
				},
				{
					"isFolder":false,
					"key":"btn_s_blue_png",
					"name":"btn_s_blue_png"
				},
				{
					"isFolder":false,
					"key":"btn_s_red_png",
					"name":"btn_s_red_png"
				},
				{
					"isFolder":false,
					"key":"btn_s_share_png",
					"name":"btn_s_share_png"
				},
				{
					"isFolder":false,
					"key":"btn_s_white0_png",
					"name":"btn_s_white0_png"
				},
				{
					"isFolder":false,
					"key":"btn_s_yellow0_png",
					"name":"btn_s_yellow0_png"
				},
				{
					"isFolder":false,
					"key":"btn_s_yellow1_png",
					"name":"btn_s_yellow1_png"
				},
				{
					"isFolder":false,
					"key":"btn_s_yellow2_png",
					"name":"btn_s_yellow2_png"
				},
				{
					"isFolder":false,
					"key":"btn_s_yellow3_png",
					"name":"btn_s_yellow3_png"
				},
				{
					"isFolder":false,
					"key":"btn_s_yellow4_png",
					"name":"btn_s_yellow4_png"
				},
				{
					"isFolder":false,
					"key":"icon_s_bulidroom_png",
					"name":"icon_s_bulidroom_png"
				},
				{
					"isFolder":false,
					"key":"icon_s_findroom_png",
					"name":"icon_s_findroom_png"
				},
				{
					"isFolder":false,
					"key":"icon_s_rank_png",
					"name":"icon_s_rank_png"
				},
				{
					"isFolder":false,
					"key":"icon_s_share_png",
					"name":"icon_s_share_png"
				},
				{
					"isFolder":false,
					"key":"icon_s_white0_png",
					"name":"icon_s_white0_png"
				},
				{
					"isFolder":false,
					"key":"txt_s_cs_png",
					"name":"txt_s_cs_png"
				},
				{
					"isFolder":false,
					"key":"txt_s_jr_png",
					"name":"txt_s_jr_png"
				},
				{
					"isFolder":false,
					"key":"icon_gold_png",
					"name":"icon_gold_png"
				},
				{
					"isFolder":false,
					"key":"icon_logodown_png",
					"name":"icon_logodown_png"
				},
				{
					"isFolder":false,
					"key":"icon_shar_tips_png",
					"name":"icon_shar_tips_png"
				},
				{
					"isFolder":false,
					"key":"icon_star0_png",
					"name":"icon_star0_png"
				},
				{
					"isFolder":false,
					"key":"icon_star1_png",
					"name":"icon_star1_png"
				},
				{
					"isFolder":false,
					"key":"icon_star2_png",
					"name":"icon_star2_png"
				},
				{
					"isFolder":false,
					"key":"icon_star3_png",
					"name":"icon_star3_png"
				},
				{
					"isFolder":false,
					"key":"icon_star4_png",
					"name":"icon_star4_png"
				},
				{
					"isFolder":false,
					"key":"icon_star5_png",
					"name":"icon_star5_png"
				},
				{
					"isFolder":false,
					"key":"icon_star6_png",
					"name":"icon_star6_png"
				},
				{
					"isFolder":false,
					"key":"icon_star7_png",
					"name":"icon_star7_png"
				},
				{
					"isFolder":false,
					"key":"icon_star8_png",
					"name":"icon_star8_png"
				},
				{
					"isFolder":false,
					"key":"icon_star9_png",
					"name":"icon_star9_png"
				},
				{
					"isFolder":false,
					"key":"icon_vip0_png",
					"name":"icon_vip0_png"
				},
				{
					"isFolder":false,
					"key":"icon_vip1_png",
					"name":"icon_vip1_png"
				},
				{
					"isFolder":false,
					"key":"icon_vip2_png",
					"name":"icon_vip2_png"
				},
				{
					"isFolder":false,
					"key":"icon_vip3_png",
					"name":"icon_vip3_png"
				},
				{
					"isFolder":false,
					"key":"icon_vip4_png",
					"name":"icon_vip4_png"
				},
				{
					"isFolder":false,
					"key":"icon_vip5_png",
					"name":"icon_vip5_png"
				},
				{
					"isFolder":false,
					"key":"icon_vip6_png",
					"name":"icon_vip6_png"
				},
				{
					"isFolder":false,
					"key":"icon_vip7_png",
					"name":"icon_vip7_png"
				},
				{
					"isFolder":false,
					"key":"icon_vip8_png",
					"name":"icon_vip8_png"
				},
				{
					"isFolder":false,
					"key":"icon_vip9_png",
					"name":"icon_vip9_png"
				},
				{
					"isFolder":false,
					"key":"icon_waiting_png",
					"name":"icon_waiting_png"
				},
				{
					"isFolder":false,
					"key":"back_g_panel_desc_png",
					"name":"back_g_panel_desc_png"
				}
			]
		}
	},
	"theme":"resource/default.thm.json"
}