{
	"groups":[
		{
			"keys":"back_l_loading_png,back_l_top_png,icon_l_loading0_png,icon_l_loading1_png,icon_l_person_png,icon_l_point0_png,icon_l_point1_png,icon_l_point2_png,icon_l_question_png,icon_l_xingxing0_png,icon_l_xingxing1_png,icon_logo_png,loading_l_wmjz_png,txt_l_shwd_png",
			"name":"loading"
		},
		{
			"keys":"font_s_number_fnt,back_s_black_png,back_s_head_png,back_s_headmask_png,back_s_kuang_png,back_s_line_png,back_s_rank_png,back_s_top_png,back_s_white0_png,back_s_white1_png,btn_s_blue_png,btn_s_red_png,btn_s_share_png,btn_s_white0_png,btn_s_yellow0_png,btn_s_yellow1_png,btn_s_yellow2_png,btn_s_yellow3_png,btn_s_yellow4_png,icon_gold_png,icon_logodown_png,icon_s_bulidroom_png,icon_s_findroom_png,icon_s_rank_png,icon_s_share_png,icon_s_white0_png,icon_shar_tips_png,icon_waiting_png,txt_s_cs_png,txt_s_jr_png,icon_star0_png,icon_star1_png,icon_star2_png,icon_star3_png,icon_star4_png,icon_star5_png,icon_star6_png,icon_star7_png,icon_star8_png,icon_star9_png,icon_vip0_png,icon_vip1_png,icon_vip2_png,icon_vip3_png,icon_vip4_png,icon_vip5_png,icon_vip6_png,icon_vip7_png,icon_vip8_png,icon_vip9_png,sound_btn_mp3",
			"name":"startload"
		},
		{
			"keys":"font_g_number_fnt,back_g_chat_png,back_g_line_png,back_g_middle0_png,back_g_middle1_png,back_g_p_hk_png,back_g_p_m_png,back_g_p_sr0_png,back_g_panel_desc_png,back_g_sr1_png,back_g_top_png,btn_g_blue0_png,btn_g_blue1_png,btn_g_green0_png,btn_g_orange0_png,btn_g_orange1_png,btn_g_orange2_png,btn_g_orange3_png,btn_g_orange4_png,btn_g_p_blue0_png,btn_g_p_orange0_png,btn_g_pink0_png,btn_g_yellow0_png,icon_g_jp_png,icon_g_jt0_png,icon_g_jt1_png,icon_g_p_tag_png,icon_g_point0_png,icon_g_point1_png,icon_g_point2_png,icon_g_tag_png,icon_g_yl_png,txt_g_lx_png,txt_g_wd_png,txt_g_ys_png",
			"name":"gameload"
		}
	],
	"resources":[
		{
			"name":"back_l_loading_png",
			"type":"image",
			"url":"assets/loading/back_l_loading.png"
		},
		{
			"name":"back_l_top_png",
			"type":"image",
			"url":"assets/loading/back_l_top.png"
		},
		{
			"name":"icon_l_loading0_png",
			"type":"image",
			"url":"assets/loading/loading_icon/icon_l_loading0.png"
		},
		{
			"name":"icon_l_loading1_png",
			"type":"image",
			"url":"assets/loading/loading_icon/icon_l_loading1.png"
		},
		{
			"name":"icon_l_person_png",
			"type":"image",
			"url":"assets/loading/loading_icon/icon_l_person.png"
		},
		{
			"name":"icon_l_point0_png",
			"type":"image",
			"url":"assets/loading/loading_icon/icon_l_point0.png"
		},
		{
			"name":"icon_l_point1_png",
			"type":"image",
			"url":"assets/loading/loading_icon/icon_l_point1.png"
		},
		{
			"name":"icon_l_point2_png",
			"type":"image",
			"url":"assets/loading/loading_icon/icon_l_point2.png"
		},
		{
			"name":"icon_l_question_png",
			"type":"image",
			"url":"assets/loading/loading_icon/icon_l_question.png"
		},
		{
			"name":"icon_l_xingxing0_png",
			"type":"image",
			"url":"assets/loading/loading_icon/icon_l_xingxing0.png"
		},
		{
			"name":"icon_l_xingxing1_png",
			"type":"image",
			"url":"assets/loading/loading_icon/icon_l_xingxing1.png"
		},
		{
			"name":"icon_logo_png",
			"type":"image",
			"url":"assets/loading/loading_icon/icon_logo.png"
		},
		{
			"name":"loading_l_wmjz_png",
			"type":"image",
			"url":"assets/loading/loading_txt/loading_l_wmjz.png"
		},
		{
			"name":"txt_l_shwd_png",
			"type":"image",
			"url":"assets/loading/loading_txt/txt_l_shwd.png"
		},
		{
			"name":"font_s_number_fnt",
			"type":"font",
			"url":"assets/start/font_s_number.fnt"
		},
		{
			"name":"back_s_black_png",
			"type":"image",
			"url":"assets/start/start_back/back_s_black.png"
		},
		{
			"name":"back_s_head_png",
			"type":"image",
			"url":"assets/start/start_back/back_s_head.png"
		},
		{
			"name":"back_s_headmask_png",
			"type":"image",
			"url":"assets/start/start_back/back_s_headmask.png"
		},
		{
			"name":"back_s_kuang_png",
			"type":"image",
			"url":"assets/start/start_back/back_s_kuang.png"
		},
		{
			"name":"back_s_line_png",
			"type":"image",
			"url":"assets/start/start_back/back_s_line.png"
		},
		{
			"name":"back_s_rank_png",
			"type":"image",
			"url":"assets/start/start_back/back_s_rank.png"
		},
		{
			"name":"back_s_top_png",
			"type":"image",
			"url":"assets/start/start_back/back_s_top.png"
		},
		{
			"name":"back_s_white0_png",
			"type":"image",
			"url":"assets/start/start_back/back_s_white0.png"
		},
		{
			"name":"back_s_white1_png",
			"type":"image",
			"url":"assets/start/start_back/back_s_white1.png"
		},
		{
			"name":"btn_s_blue_png",
			"type":"image",
			"url":"assets/start/start_btn/btn_s_blue.png"
		},
		{
			"name":"btn_s_red_png",
			"type":"image",
			"url":"assets/start/start_btn/btn_s_red.png"
		},
		{
			"name":"btn_s_share_png",
			"type":"image",
			"url":"assets/start/start_btn/btn_s_share.png"
		},
		{
			"name":"btn_s_white0_png",
			"type":"image",
			"url":"assets/start/start_btn/btn_s_white0.png"
		},
		{
			"name":"btn_s_yellow0_png",
			"type":"image",
			"url":"assets/start/start_btn/btn_s_yellow0.png"
		},
		{
			"name":"btn_s_yellow1_png",
			"type":"image",
			"url":"assets/start/start_btn/btn_s_yellow1.png"
		},
		{
			"name":"btn_s_yellow2_png",
			"type":"image",
			"url":"assets/start/start_btn/btn_s_yellow2.png"
		},
		{
			"name":"btn_s_yellow3_png",
			"type":"image",
			"url":"assets/start/start_btn/btn_s_yellow3.png"
		},
		{
			"name":"btn_s_yellow4_png",
			"type":"image",
			"url":"assets/start/start_btn/btn_s_yellow4.png"
		},
		{
			"name":"icon_gold_png",
			"type":"image",
			"url":"assets/start/start_icon/icon_gold.png"
		},
		{
			"name":"icon_logodown_png",
			"type":"image",
			"url":"assets/start/start_icon/icon_logodown.png"
		},
		{
			"name":"icon_s_bulidroom_png",
			"type":"image",
			"url":"assets/start/start_icon/icon_s_bulidroom.png"
		},
		{
			"name":"icon_s_findroom_png",
			"type":"image",
			"url":"assets/start/start_icon/icon_s_findroom.png"
		},
		{
			"name":"icon_s_rank_png",
			"type":"image",
			"url":"assets/start/start_icon/icon_s_rank.png"
		},
		{
			"name":"icon_s_share_png",
			"type":"image",
			"url":"assets/start/start_icon/icon_s_share.png"
		},
		{
			"name":"icon_s_white0_png",
			"type":"image",
			"url":"assets/start/start_icon/icon_s_white0.png"
		},
		{
			"name":"icon_shar_tips_png",
			"type":"image",
			"url":"assets/start/start_icon/icon_shar_tips.png"
		},
		{
			"name":"icon_waiting_png",
			"type":"image",
			"url":"assets/start/start_icon/icon_waiting.png"
		},
		{
			"name":"txt_s_cs_png",
			"type":"image",
			"url":"assets/start/start_txt/txt_s_cs.png"
		},
		{
			"name":"txt_s_jr_png",
			"type":"image",
			"url":"assets/start/start_txt/txt_s_jr.png"
		},
		{
			"name":"icon_star0_png",
			"type":"image",
			"url":"assets/start/start_vip/icon_star0.png"
		},
		{
			"name":"icon_star1_png",
			"type":"image",
			"url":"assets/start/start_vip/icon_star1.png"
		},
		{
			"name":"icon_star2_png",
			"type":"image",
			"url":"assets/start/start_vip/icon_star2.png"
		},
		{
			"name":"icon_star3_png",
			"type":"image",
			"url":"assets/start/start_vip/icon_star3.png"
		},
		{
			"name":"icon_star4_png",
			"type":"image",
			"url":"assets/start/start_vip/icon_star4.png"
		},
		{
			"name":"icon_star5_png",
			"type":"image",
			"url":"assets/start/start_vip/icon_star5.png"
		},
		{
			"name":"icon_star6_png",
			"type":"image",
			"url":"assets/start/start_vip/icon_star6.png"
		},
		{
			"name":"icon_star7_png",
			"type":"image",
			"url":"assets/start/start_vip/icon_star7.png"
		},
		{
			"name":"icon_star8_png",
			"type":"image",
			"url":"assets/start/start_vip/icon_star8.png"
		},
		{
			"name":"icon_star9_png",
			"type":"image",
			"url":"assets/start/start_vip/icon_star9.png"
		},
		{
			"name":"icon_vip0_png",
			"type":"image",
			"url":"assets/start/start_vip/icon_vip0.png"
		},
		{
			"name":"icon_vip1_png",
			"type":"image",
			"url":"assets/start/start_vip/icon_vip1.png"
		},
		{
			"name":"icon_vip2_png",
			"type":"image",
			"url":"assets/start/start_vip/icon_vip2.png"
		},
		{
			"name":"icon_vip3_png",
			"type":"image",
			"url":"assets/start/start_vip/icon_vip3.png"
		},
		{
			"name":"icon_vip4_png",
			"type":"image",
			"url":"assets/start/start_vip/icon_vip4.png"
		},
		{
			"name":"icon_vip5_png",
			"type":"image",
			"url":"assets/start/start_vip/icon_vip5.png"
		},
		{
			"name":"icon_vip6_png",
			"type":"image",
			"url":"assets/start/start_vip/icon_vip6.png"
		},
		{
			"name":"icon_vip7_png",
			"type":"image",
			"url":"assets/start/start_vip/icon_vip7.png"
		},
		{
			"name":"icon_vip8_png",
			"type":"image",
			"url":"assets/start/start_vip/icon_vip8.png"
		},
		{
			"name":"icon_vip9_png",
			"type":"image",
			"url":"assets/start/start_vip/icon_vip9.png"
		},
		{
			"name":"font_g_number_fnt",
			"type":"font",
			"url":"assets/game/font_g_number.fnt"
		},
		{
			"name":"back_g_chat_png",
			"type":"image",
			"url":"assets/game/game_back/back_g_chat.png"
		},
		{
			"name":"back_g_line_png",
			"type":"image",
			"url":"assets/game/game_back/back_g_line.png"
		},
		{
			"name":"back_g_middle0_png",
			"type":"image",
			"url":"assets/game/game_back/back_g_middle0.png"
		},
		{
			"name":"back_g_middle1_png",
			"type":"image",
			"url":"assets/game/game_back/back_g_middle1.png"
		},
		{
			"name":"back_g_p_hk_png",
			"type":"image",
			"url":"assets/game/game_back/back_g_p_hk.png"
		},
		{
			"name":"back_g_p_m_png",
			"type":"image",
			"url":"assets/game/game_back/back_g_p_m.png"
		},
		{
			"name":"back_g_p_sr0_png",
			"type":"image",
			"url":"assets/game/game_back/back_g_p_sr0.png"
		},
		{
			"name":"back_g_panel_desc_png",
			"type":"image",
			"url":"assets/game/game_back/back_g_panel_desc.png"
		},
		{
			"name":"back_g_sr1_png",
			"type":"image",
			"url":"assets/game/game_back/back_g_sr1.png"
		},
		{
			"name":"back_g_top_png",
			"type":"image",
			"url":"assets/game/game_back/back_g_top.png"
		},
		{
			"name":"btn_g_blue0_png",
			"type":"image",
			"url":"assets/game/game_btn/btn_g_blue0.png"
		},
		{
			"name":"btn_g_blue1_png",
			"type":"image",
			"url":"assets/game/game_btn/btn_g_blue1.png"
		},
		{
			"name":"btn_g_green0_png",
			"type":"image",
			"url":"assets/game/game_btn/btn_g_green0.png"
		},
		{
			"name":"btn_g_orange0_png",
			"type":"image",
			"url":"assets/game/game_btn/btn_g_orange0.png"
		},
		{
			"name":"btn_g_orange1_png",
			"type":"image",
			"url":"assets/game/game_btn/btn_g_orange1.png"
		},
		{
			"name":"btn_g_orange2_png",
			"type":"image",
			"url":"assets/game/game_btn/btn_g_orange2.png"
		},
		{
			"name":"btn_g_orange3_png",
			"type":"image",
			"url":"assets/game/game_btn/btn_g_orange3.png"
		},
		{
			"name":"btn_g_orange4_png",
			"type":"image",
			"url":"assets/game/game_btn/btn_g_orange4.png"
		},
		{
			"name":"btn_g_p_blue0_png",
			"type":"image",
			"url":"assets/game/game_btn/btn_g_p_blue0.png"
		},
		{
			"name":"btn_g_p_orange0_png",
			"type":"image",
			"url":"assets/game/game_btn/btn_g_p_orange0.png"
		},
		{
			"name":"btn_g_pink0_png",
			"type":"image",
			"url":"assets/game/game_btn/btn_g_pink0.png"
		},
		{
			"name":"btn_g_yellow0_png",
			"type":"image",
			"url":"assets/game/game_btn/btn_g_yellow0.png"
		},
		{
			"name":"icon_g_jp_png",
			"type":"image",
			"url":"assets/game/game_icon/icon_g_jp.png"
		},
		{
			"name":"icon_g_jt0_png",
			"type":"image",
			"url":"assets/game/game_icon/icon_g_jt0.png"
		},
		{
			"name":"icon_g_jt1_png",
			"type":"image",
			"url":"assets/game/game_icon/icon_g_jt1.png"
		},
		{
			"name":"icon_g_p_tag_png",
			"type":"image",
			"url":"assets/game/game_icon/icon_g_p_tag.png"
		},
		{
			"name":"icon_g_point0_png",
			"type":"image",
			"url":"assets/game/game_icon/icon_g_point0.png"
		},
		{
			"name":"icon_g_point1_png",
			"type":"image",
			"url":"assets/game/game_icon/icon_g_point1.png"
		},
		{
			"name":"icon_g_point2_png",
			"type":"image",
			"url":"assets/game/game_icon/icon_g_point2.png"
		},
		{
			"name":"icon_g_tag_png",
			"type":"image",
			"url":"assets/game/game_icon/icon_g_tag.png"
		},
		{
			"name":"icon_g_yl_png",
			"type":"image",
			"url":"assets/game/game_icon/icon_g_yl.png"
		},
		{
			"name":"txt_g_lx_png",
			"type":"image",
			"url":"assets/game/game_txt/txt_g_lx.png"
		},
		{
			"name":"txt_g_wd_png",
			"type":"image",
			"url":"assets/game/game_txt/txt_g_wd.png"
		},
		{
			"name":"txt_g_ys_png",
			"type":"image",
			"url":"assets/game/game_txt/txt_g_ys.png"
		},
		{
			"name":"sound_btn_mp3",
			"type":"sound",
			"url":"assets/start/sound_btn.mp3"
		}
	]
}